{
    "root_group": {
        "groups": {},
        "checks": {
                "successful write": {
                    "name": "successful write",
                    "path": "::successful write",
                    "id": "c3fcb3219f0191cc1a236c222be9150a",
                    "passes": 8860,
                    "fails": 3802
                }
            },
        "name": "",
        "path": "",
        "id": "d41d8cd98f00b204e9800998ecf8427e"
    },
    "metrics": {
        "http_req_tls_handshaking": {
            "min": 0,
            "med": 0,
            "max": 0,
            "p(90)": 0,
            "p(95)": 0,
            "avg": 0
        },
        "http_reqs": {
            "rate": 160.5061434853017,
            "count": 12662
        },
        "checks": {
            "fails": 3802,
            "passes": 8860,
            "value": 0.6997314800189544
        },
        "vus_max": {
            "value": 10,
            "min": 10,
            "max": 10
        },
        "http_req_failed": {
            "passes": 3802,
            "fails": 8860,
            "value": 0.30026851998104565
        },
        "loki_client_lines": {
            "count": 13357109,
            "rate": 169317.48963061243
        },
        "data_sent": {
            "count": 1078559205,
            "rate": 13672040.634585604
        },
        "loki_client_uncompressed_bytes": {
            "rate": 26489996.490576018,
            "count": 2089741416
        },
        "http_req_receiving": {
            "avg": 0.06723839551413664,
            "min": 0.012733,
            "med": 0.032078,
            "max": 24.020991,
            "p(90)": 0.05035329999999999,
            "p(95)": 0.06106634999999999
        },
        "iteration_duration": {
            "avg": 30.230265612857348,
            "min": 2.517612,
            "med": 24.7526135,
            "max": 175.168801,
            "p(90)": 60.97054609999999,
            "p(95)": 74.14409994999991
        },
        "http_req_sending": {
            "avg": 0.3124261355236139,
            "min": 0.012867,
            "med": 0.154643,
            "max": 29.523618,
            "p(90)": 0.3948049,
            "p(95)": 0.722707699999999
        },
        "http_req_duration": {
            "p(95)": 10.799232049999972,
            "avg": 4.2649759244195256,
            "min": 0.349236,
            "med": 3.346297,
            "max": 112.325744,
            "p(90)": 7.674926599999997
        },
        "http_req_blocked": {
            "avg": 0.004940278313062682,
            "min": 0.001511,
            "med": 0.003978,
            "max": 2.86091,
            "p(90)": 0.005788799999999999,
            "p(95)": 0.006562
        },
        "http_req_waiting": {
            "avg": 3.8853113933817607,
            "min": 0.309661,
            "med": 3.120737,
            "max": 112.065777,
            "p(90)": 6.9301325999999985,
            "p(95)": 9.548887899999992
        },
        "http_req_connecting": {
            "avg": 0.00007887916600852946,
            "min": 0,
            "med": 0,
            "max": 0.182558,
            "p(90)": 0,
            "p(95)": 0
        },
        "http_req_duration{expected_response:true}": {
            "min": 0.349236,
            "med": 4.0617339999999995,
            "max": 112.325744,
            "p(90)": 9.0124946,
            "p(95)": 12.91820459999998,
            "avg": 5.390357338374703
        },
        "data_received": {
            "count": 2002253,
            "rate": 25380.975147044366
        },
        "iterations": {
            "count": 12662,
            "rate": 160.5061434853017
        },
        "vus": {
            "min": 1,
            "max": 10,
            "value": 2
        }
    }
}